Year,1990,1991,1992,1993,1994,1995,1996,1997,1998,1999,2000,2001,2002,2003,2004,2005,2006,2007,2008,2009,2010,2011,2012,2013,2014,2015
Canada,"4,213,817","4,608,012","4,944,467","5,309,981","5,551,730","5,796,496","6,123,913","6,782,024","6,994,819","7,059,959","7,642,641","8,123,930","8,662,696","9,314,968","9,733,801","10,618,682","11,951,893","14,063,875","16,254,282","15,725,928","16,897,178","19,040,892","20,626,896","21,374,899","21,967,827","20,869,140"
China,"818,320","724,632","546,830","373,888","1,083,604","2,633,265","2,078,765","1,604,223","1,339,651","853,734","1,716,127","1,938,690","2,067,762","5,016,684","5,542,444","5,233,180","6,712,161","8,314,192","12,114,772","13,109,278","17,563,710","18,897,566","25,859,457","25,498,854","24,219,479","20,204,881"
Mexico,"2,559,580","3,007,465","3,799,190","3,618,594","4,586,861","3,521,522","5,441,605","5,178,090","6,152,173","5,625,222","6,410,383","7,407,255","7,238,323","7,890,559","8,509,537","9,429,404","10,880,998","12,692,250","15,507,844","12,932,472","14,585,242","18,350,965","18,891,975","18,104,212","19,378,440","17,695,638"
Japan,"8,142,408","7,800,956","8,514,977","8,803,721","9,459,924","11,149,332","11,732,056","10,494,296","9,090,641","8,892,767","9,291,847","8,884,196","8,383,670","8,905,684","8,146,720","7,930,898","8,389,744","10,159,514","13,223,138","11,072,299","11,784,140","14,066,243","13,503,154","12,230,593","13,140,691","11,156,841"
"Korea, South","2,650,248","2,113,568","2,231,069","1,937,884","2,338,433","3,741,893","3,849,098","2,860,393","2,224,379","2,448,699","2,545,967","2,588,263","2,673,364","2,885,677","2,488,772","2,233,002","2,850,656","3,528,281","5,561,389","3,917,446","5,307,239","6,976,255","6,030,820","5,256,931","6,884,683","6,038,913"
Hong Kong,"702,470","773,802","867,177","884,131","1,241,262","1,502,837","1,490,758","1,714,600","1,490,286","1,209,282","1,264,362","1,227,646","1,091,196","1,113,852","912,540","871,908","976,773","1,167,797","1,714,562","2,008,298","2,803,392","3,314,874","3,412,858","3,851,765","4,088,631","3,582,382"
Taiwan,"1,662,682","1,901,976","1,927,393","2,020,862","2,145,135","2,590,818","2,962,739","2,612,142","1,798,174","1,945,129","1,995,801","2,009,901","1,966,149","2,024,978","2,065,283","2,301,101","2,476,752","3,096,675","3,419,412","2,987,919","3,190,064","3,612,418","3,210,422","3,081,085","3,493,161","3,167,293"
Colombia,"119,898","127,167","221,535","226,299","303,593","464,389","620,014","538,117","575,766","440,779","416,906","452,566","520,749","512,833","593,757","679,523","868,125","1,222,874","1,675,293","907,202","833,585","1,123,396","1,100,053","1,514,834","2,460,466","2,420,677"
Netherlands,"1,585,242","1,699,461","1,860,340","1,676,826","1,700,632","2,067,323","2,050,474","1,925,559","1,552,399","1,532,878","1,442,625","1,368,497","1,173,279","1,122,427","1,096,736","1,124,078","1,614,229","1,482,532","1,738,940","1,243,674","1,426,889","1,901,287","1,701,166","1,971,142","2,371,113","2,395,501"
Philippines,"381,227","374,421","525,481","484,061","576,820","764,889","891,377","873,259","717,037","783,397","901,150","793,579","775,755","625,795","695,212","797,641","887,720","1,112,212","1,734,346","1,293,689","1,634,858","2,113,185","2,377,430","2,509,934","2,734,320","2,318,776"
Vietnam,845,0,0,0,"17,139","23,350","33,423","40,758","21,084","31,424","51,943","79,462","76,773","97,619","159,308","192,320","215,950","494,150","906,094","921,950","1,312,216","1,644,631","1,653,282","2,154,114","2,321,157","2,239,843"
Germany(*),"1,160,208","1,080,475","1,165,284","1,060,235","1,054,937","1,211,384","1,453,481","1,312,912","1,214,376","922,959","908,015","923,428","970,993","1,017,509","1,156,229","1,059,656","1,012,090","1,362,166","1,888,366","1,342,179","1,562,383","1,498,771","2,096,154","2,225,110","2,139,833","2,232,940"
Indonesia,"274,513","301,430","344,153","346,896","483,356","816,313","849,579","772,313","458,704","530,741","667,763","906,851","809,575","996,033","925,106","958,079","1,102,471","1,541,662","2,194,977","1,795,794","2,245,523","2,813,692","2,497,040","2,823,239","2,912,630","2,192,259"
United Kingdom,"812,813","821,462","895,545","922,479","929,400","1,041,407","1,205,493","1,297,184","1,245,997","1,079,607","1,036,445","1,062,959","1,006,313","1,038,323","1,161,863","1,160,021","1,255,753","1,320,765","1,377,518","1,170,388","1,338,318","1,424,983","1,505,535","1,638,216","1,708,984","1,778,233"
Thailand,"274,973","289,521","316,912","304,781","386,224","590,417","576,805","537,550","412,744","409,071","493,031","570,019","610,738","683,842","685,512","674,663","703,125","884,912","1,063,322","1,045,913","1,151,891","1,346,320","1,488,030","1,410,317","1,629,031","1,706,216"
Spain,"931,538","927,171","934,242","763,067","846,150","1,165,995","1,063,727","1,137,729","1,037,392","681,324","608,672","644,073","673,825","847,443","775,379","715,146","667,367","1,115,003","1,272,291","755,526","1,056,997","1,179,332","1,256,120","1,642,979","1,819,820","1,657,741"
Australia(*),"226,201","282,753","273,516","332,244","409,311","338,714","322,184","353,354","329,620","319,654","317,144","291,671","338,870","412,067","410,215","462,980","519,613","662,048","825,720","840,433","929,291","1,157,598","1,259,436","1,384,433","1,533,921","1,413,829"
Turkey,"225,660","212,975","375,013","379,244","265,162","515,514","613,467","726,666","659,018","501,575","658,122","571,333","674,771","921,249","943,752","1,062,370","1,030,311","1,495,607","1,695,608","1,499,310","2,088,483","2,449,077","1,991,901","2,158,121","2,133,850","1,357,630"
Saudi Arabia,"481,716","501,370","461,671","448,251","462,852","516,993","554,677","614,826","504,849","447,169","477,248","429,065","342,860","331,991","364,263","350,275","425,646","710,069","889,865","693,857","839,651","1,308,183","1,186,857","1,155,416","1,346,485","1,282,010"
United Arab Emirates,"45,856","70,573","71,637","93,650","109,695","156,627","120,950","109,470","185,327","183,478","234,947","284,935","281,514","258,974","350,519","281,768","341,469","460,846","579,680","771,172","857,893","970,352","1,026,489","1,230,382","1,232,644","1,265,693"
India,"107,882","102,735","146,746","217,335","120,849","193,583","112,158","154,127","209,572","145,202","209,944","352,601","274,084","317,247","256,922","294,711","365,389","475,253","488,620","691,314","751,341","724,012","882,155","864,632","1,018,582","1,188,878"
Dominican Republic,"246,422","243,392","253,022","289,621","275,584","362,124","408,512","524,978","493,757","551,933","506,381","497,993","513,378","445,038","462,085","517,996","629,008","778,506","1,041,079","884,339","1,026,235","1,189,498","1,054,441","1,104,052","1,291,809","1,132,060"
Guatemala,"100,856","115,816","114,192","183,494","193,156","222,066","250,048","232,719","280,631","252,960","258,298","294,677","341,904","349,078","383,373","455,343","547,298","676,626","834,549","685,902","799,933","1,033,823","973,650","951,632","1,123,156","1,073,218"
Peru,"160,175","160,945","170,277","195,249","207,365","298,462","308,718","192,469","362,349","290,640","170,316","212,518","213,871","237,035","302,618","212,560","208,812","437,719","424,479","518,351","757,176","843,815","546,947","718,214","1,212,882","1,063,629"
Egypt,"687,386","686,770","752,817","646,554","850,670","1,309,344","1,256,550","964,291","904,577","966,455","1,049,540","1,022,220","862,591","966,590","935,094","818,526","1,021,884","1,801,436","2,050,080","1,354,341","2,095,482","2,507,071","1,868,195","1,647,663","1,717,247","1,021,936"
Italy(*),"714,718","678,388","675,214","601,920","545,321","699,701","789,165","756,940","684,451","496,809","551,875","567,923","546,244","494,423","514,272","566,421","502,771","688,237","828,892","715,414","717,257","873,244","755,890","1,075,119","1,075,919","998,582"
Malaysia,"124,416","154,675","167,285","198,895","231,879","536,781","614,115","478,351","284,279","310,634","289,706","377,208","367,717","379,524","377,709","394,269","409,939","562,992","594,781","695,297","722,547","1,014,335","883,363","1,033,847","963,425","840,048"
Chile,"62,931","71,554","93,832","109,365","103,002","169,434","126,271","126,471","135,104","152,104","116,313","98,430","111,238","144,111","116,087","145,212","296,216","391,521","454,612","246,074","420,748","572,107","696,864","902,095","858,723","810,547"
Belgium-Luxembourg(*),"377,951","473,346","482,974","482,033","491,684","638,826","718,975","667,784","636,689","542,324","545,491","624,023","566,738","646,345","550,124","580,412","560,590","634,766","575,389","553,937","792,911","679,933","686,313","657,795","703,867","732,134"
Brazil,"176,861","255,183","150,115","205,816","487,031","521,812","574,459","532,950","486,025","212,158","264,179","221,382","329,544","383,920","279,408","228,349","287,027","410,843","676,901","386,417","576,819","801,297","526,136","1,899,523","1,421,496","690,201"
Venezuela,"354,241","318,964","444,830","484,448","398,358","477,450","474,259","570,709","511,287","417,667","406,790","409,517","340,843","371,307","378,775","409,370","400,011","602,794","1,597,991","954,585","1,105,149","1,225,319","1,692,477","1,546,405","1,276,027","674,928"
Singapore,"172,455","193,258","208,038","228,693","266,728","293,644","283,956","278,647","212,909","209,890","233,714","223,059","240,449","266,327","257,858","282,107","302,540","374,161","485,182","444,927","495,713","618,192","691,739","754,725","794,260","674,389"
Nigeria,"36,119","36,379","67,828","140,336","68,204","116,752","176,661","114,739","150,441","172,247","177,624","243,105","301,704","314,402","435,943","559,843","499,427","716,689","1,039,885","830,121","937,774","1,276,288","1,061,984","1,085,334","847,111","666,515"
Costa Rica,"93,516","87,196","107,819","144,036","162,661","165,787","218,456","190,130","200,865","179,066","185,715","199,028","225,622","242,175","282,551","297,877","320,091","433,172","607,968","463,769","493,122","658,843","630,001","485,386","609,988","657,731"
Panama,"87,990","95,814","112,776","109,352","127,521","126,081","147,862","162,834","226,241","187,294","171,817","176,845","185,370","190,801","162,315","199,983","206,045","303,516","429,640","361,978","444,563","493,657","489,625","641,159","655,311","653,206"
Honduras,"64,613","85,386","72,476","84,546","79,806","104,192","124,753","153,226","175,235","183,386","195,151","198,075","183,812","198,452","220,434","248,665","323,062","393,492","508,519","443,313","461,430","631,715","604,360","577,192","634,713","586,792"
France(*),"527,542","574,748","586,001","585,195","441,860","524,497","509,225","565,211","485,053","356,954","328,944","386,591","390,544","424,448","416,651","444,990","464,933","512,876","567,310","385,238","559,248","520,671","455,875","618,957","618,457","585,134"
El Salvador,"96,547","105,273","115,984","147,662","127,623","171,636","190,712","228,010","243,568","199,777","215,136","241,069","211,023","238,961","244,815","238,594","273,898","343,364","450,743","379,231","428,287","604,041","510,982","470,967","536,260","497,741"
Bangladesh,"104,794","94,280","117,862","65,474","157,185","217,154","87,967","120,535","159,688","118,393","81,062","134,175","127,158","83,484","105,957","77,673","79,562","199,608","172,688","168,191","283,509","434,275","179,976","252,460","364,497","495,168"
Switzerland(*),"174,613","211,362","161,760","151,190","180,060","210,993","234,516","516,877","205,301","420,743","352,202","545,770","491,896","251,185","151,575","167,896","219,396","259,711","369,359","330,987","254,388","338,178","299,685","467,184","395,964","466,471"
Israel(*),"304,591","297,794","362,550","330,213","384,469","481,307","617,975","537,479","364,517","423,298","482,691","427,716","464,443","425,776","483,228","308,894","416,093","606,352","844,727","459,124","646,176","887,258","628,612","628,797","702,981","464,113"
Pakistan,"337,914","150,208","267,445","190,872","244,898","458,289","344,854","448,654","187,526","87,727","56,341","135,058","193,858","233,219","299,739","219,355","193,370","351,244","314,687","308,002","350,702","501,842","306,355","373,635","249,312","445,563"
Russia,0,0,"1,129,442","1,224,263","649,065","1,027,862","1,326,297","1,199,910","834,113","727,607","580,285","916,669","551,564","578,594","801,982","972,187","820,176","1,328,537","1,838,141","1,429,213","1,132,419","1,240,519","1,654,760","1,207,971","899,671","425,938"
New Zealand(*),"59,472","52,892","62,333","80,641","77,498","100,192","91,361","114,111","128,238","100,900","98,906","109,999","104,991","143,274","118,109","181,556","165,437","209,591","220,263","232,424","257,023","303,215","376,690","396,300","459,714","400,393"
Ireland,"147,324","194,834","199,835","191,598","203,621","241,969","217,830","232,748","273,268","202,134","286,927","241,488","212,935","217,964","263,686","251,924","298,643","314,165","382,060","273,516","341,678","362,214","347,419","480,280","499,081","393,867"
Trinidad and Tobago,"89,966","94,461","82,992","90,070","97,177","105,020","129,077","111,445","106,625","100,476","105,890","114,103","117,638","114,422","150,358","143,304","165,420","214,116","291,746","270,462","294,455","315,604","343,873","387,232","402,743","381,261"
Jamaica,"141,058","134,638","117,452","136,358","129,459","166,732","202,745","200,045","191,112","184,151","171,459","180,573","185,962","186,067","200,736","193,095","224,936","291,130","413,477","326,571","341,862","401,690","432,014","430,662","414,603","378,704"
Ecuador,"95,075","101,125","58,845","92,720","70,885","160,476","156,873","190,055","179,892","96,259","100,969","109,263","142,774","106,565","131,517","120,379","132,432","228,148","243,007","222,688","242,351","338,746","466,955","423,419","421,503","356,462"
Haiti,"123,796","115,741","131,454","113,170","100,997","225,095","190,100","198,054","212,869","215,950","180,139","179,002","165,688","192,446","209,217","214,627","211,358","229,959","403,156","321,560","389,568","326,428","369,344","392,658","359,256","353,243"
Morocco,"145,604","133,281","166,332","305,985","140,004","152,991","232,889","162,547","130,528","145,945","166,077","90,288","122,845","152,821","169,306","164,427","297,482","669,682","524,159","504,783","764,482","930,103","660,847","438,946","412,146","306,966"
Denmark(*),"115,541","120,800","132,464","152,329","154,920","199,600","241,735","304,341","221,073","175,391","150,723","163,920","148,659","160,328","156,062","148,101","163,689","193,070","181,640","129,018","158,079","169,155","202,723","307,813","304,320","261,775"
"Bahamas, The","113,467","112,965","115,208","133,299","118,916","118,258","135,186","114,108","109,327","115,002","127,340","126,946","127,316","130,636","146,800","166,178","179,465","188,259","195,567","216,310","212,932","230,660","246,354","239,361","246,014","252,234"
Jordan,"179,504","128,193","103,066","177,039","126,466","162,688","150,568","142,357","87,672","88,892","95,440","121,802","89,811","93,986","131,936","89,195","142,260","130,661","146,312","220,014","192,801","383,322","216,297","253,183","222,880","237,225"
Poland,"86,490","39,305","107,568","193,168","96,186","113,486","224,365","120,385","120,396","66,848","53,034","89,473","67,644","66,211","84,581","83,917","97,013","107,135","146,128","149,361","202,268","155,981","176,455","359,050","220,056","234,100"
Kuwait,"23,110","16,047","31,516","42,774","51,811","66,531","42,156","45,470","50,175","57,036","48,093","58,447","55,110","118,101","75,707","80,696","83,227","114,641","156,470","127,961","145,279","206,096","193,196","223,681","235,486","232,907"
Nicaragua,"22,930","45,047","48,118","41,706","49,235","65,881","60,893","63,282","73,074","80,910","74,156","102,823","84,319","94,909","112,788","125,056","135,994","181,729","238,528","181,165","238,979","263,909","250,609","198,989","217,964","219,696"
South Africa,"81,328","83,578","477,369","235,673","150,007","267,259","297,067","219,929","199,032","173,182","133,916","99,461","148,383","148,557","168,545","146,222","125,677","290,682","393,354","161,751","298,206","365,537","270,912","296,138","253,229","207,051"
Netherlands Antilles(*),"95,994","96,975","95,658","96,981","102,938","105,764","111,296","109,035","109,867","103,257","98,167","88,092","82,992","82,433","91,731","94,451","105,675","110,081","139,294","153,003","168,004","174,028","181,885","190,410","204,641","203,457"
Sweden,"148,797","142,167","148,444","153,034","161,688","127,957","133,717","129,958","129,727","101,516","98,458","112,379","88,029","86,534","89,904","141,877","130,604","115,435","122,003","111,741","123,913","148,386","175,951","202,727","189,276","189,318"
Iraq,"329,136",0,484,"3,363",460,9,"2,720","81,944","96,161","9,252","8,495","7,565",32,"75,049","67,483","325,569","451,285","576,062","892,296","154,193","287,930","657,321","145,197","153,523","204,967","177,292"
Portugal,"336,122","228,724","247,184","206,611","231,772","268,233","289,064","248,958","157,124","139,130","137,783","139,226","212,254","219,880","152,732","145,040","117,178","255,654","253,256","84,334","110,175","250,618","183,496","128,743","328,976","167,128"
Leeward-Windward Islands(*),"83,153","74,657","60,945","61,878","63,927","67,809","80,839","78,097","74,557","64,631","67,393","64,974","58,910","63,434","68,924","78,336","84,472","104,456","139,871","124,475","141,884","164,364","185,089","168,467","173,682","161,156"
Sri Lanka,"91,703","61,300","95,452","109,879","92,721","155,846","91,857","40,422","62,422","55,514","55,766","73,546","30,753","25,228","15,346","19,606","16,261","72,459","66,612","71,494","41,172","94,647","45,115","126,730","129,100","148,849"
Cuba,0,0,0,183,135,62,7,153,63,4,26,"4,574","139,814","247,571","383,870","346,044","320,847","431,194","685,453","525,258","349,302","352,780","459,479","350,151","286,429","148,818"
Argentina,"27,517","55,555","119,020","92,069","118,636","130,803","163,738","344,155","203,843","145,129","150,135","116,262","52,227","69,234","67,451","72,315","82,048","93,120","117,975","95,565","134,748","153,380","165,231","159,288","158,602","147,646"
Tunisia,"93,586","72,870","90,367","120,820","105,961","88,068","89,994","117,654","81,317","70,851","85,022","103,922","95,909","85,515","158,683","108,007","176,633","190,619","182,092","179,133","265,168","319,734","231,930","160,645","171,417","147,443"
Iran,"2,261","12,719","50,674","115,579","85,550","136,438",0,0,0,"47,680","14,691","4,454","10,649","46,035","10,063","5,825","5,139","63,012","592,938","164,586","75,497","56,901","135,201","191,003","63,873","140,430"
Algeria,"435,982","426,957","370,461","520,436","580,602","388,438","292,024","315,207","256,268","224,581","252,397","229,958","269,798","201,192","287,948","187,831","230,182","519,278","365,231","171,372","184,530","169,060","216,674","291,813","228,005","136,193"
Libya,0,6,0,0,0,0,0,0,0,0,"17,916","9,008","18,264",208,"12,650","3,139","33,832","75,446","42,990","41,482","108,049","195,970","125,940","172,987","104,379","129,301"
Angola,"14,945","16,633","10,264","13,666","37,143","32,858","28,310","28,148","28,111","23,322","54,603","28,042","46,451","65,325","58,179","75,478","80,081","95,605","143,556","79,021","173,834","227,127","264,876","271,031","298,043","128,040"
Norway(*),"93,208","98,247","93,131","87,220","119,384","108,607","127,691","81,120","73,614","65,371","59,853","63,252","54,747","59,762","61,274","81,476","71,485","92,308","95,257","66,985","72,774","82,440","90,117","116,163","101,726","114,857"
Yemen(*),"57,052","67,288","118,587","163,833","132,128","132,750","114,468","65,062","76,331","94,502","102,261","97,015","104,754","85,593","135,313","92,675","121,168","305,738","184,598","162,027","120,491","200,357","147,747","156,515","101,432","102,151"
Barbados,"27,828","32,845","24,041","26,214","29,421","37,440","51,926","48,890","42,099","44,826","41,122","49,234","39,753","36,478","42,663","47,808","47,412","57,841","83,550","77,914","74,864","88,614","87,004","91,603","96,932","94,046"
Ethiopia(*),"61,754","59,807","65,568","70,660","86,054","61,273","35,712","18,197","30,464","28,333","113,990","26,374","10,629","154,500","115,040","159,994","62,839","93,549","168,873","96,872","153,931","107,546","97,781","69,778","84,060","93,405"
Bermuda,"63,553","66,025","63,994","62,425","62,904","64,800","69,531","66,610","66,868","60,782","60,384","51,950","51,159","51,466","53,325","60,645","76,403","89,414","105,720","104,778","95,539","96,830","89,215","90,729","92,628","92,901"
Lebanon,"27,009","39,546","50,530","84,373","48,577","114,829","133,944","98,802","69,074","76,888","81,536","80,817","65,305","71,205","85,825","62,565","58,926","77,937","110,363","98,212","122,089","140,654","103,156","96,553","107,129","90,450"
Finland,"41,831","47,009","49,488","45,476","78,383","79,625","129,928","129,918","73,297","80,786","61,455","59,929","46,235","53,695","55,205","49,907","43,478","46,934","52,491","42,594","42,877","47,078","43,791","102,154","113,168","87,210"
Ghana,"21,362","13,896","25,970","44,428","35,751","45,565","64,360","51,358","46,033","50,964","37,671","40,648","47,433","54,711","77,033","82,865","58,078","76,422","77,709","51,529","71,736","115,123","176,641","183,039","129,415","75,560"
Uruguay,"5,952","7,285","4,319","7,223","11,506","15,596","17,159","14,631","12,346","12,275","16,268","23,009","16,808","17,996","17,815","16,282","17,387","30,570","33,846","32,973","37,755","52,484","58,838","83,742","78,400","74,316"
Greece,"128,830","109,621","117,444","100,381","113,008","127,900","137,884","147,637","117,767","88,652","75,207","99,657","99,673","108,164","105,843","143,654","117,136","147,465","122,870","107,804","119,614","79,837","66,470","86,487","89,791","74,185"
Qatar,"3,554","5,279","5,361","6,484","6,447","8,555","6,217","7,483","10,006","9,485","8,569","9,673","15,183","12,810","10,199","13,764","16,353","19,780","30,801","36,597","45,179","59,644","67,256","75,570","84,039","72,771"
Guyana,"12,010","10,722","16,712","17,603","19,526","25,163","28,086","27,494","21,617","21,859","22,455","22,122","21,704","15,993","25,214","18,266","25,171","28,299","37,237","33,804","41,268","53,648","55,753","57,436","64,297","71,189"
Romania,"217,248","74,093","94,836","102,144","68,253","51,113","47,667","16,069","27,314","14,507","18,539","24,680","42,685","59,344","153,438","177,320","86,676","59,559","76,824","59,473","41,738","36,732","78,069","43,451","38,982","68,918"
Georgia,0,0,"14,107","32,312","58,877","54,576","47,563","29,495","62,027","31,819","46,456","37,750","31,052","45,164","76,365","68,884","35,376","37,988","67,691","75,300","90,347","117,757","119,605","100,287","94,872","66,452"
Kenya,"14,509","8,082","48,173","44,725","58,988","34,099","10,482","31,755","60,714","28,703","27,485","19,314","43,145","33,166","36,944","31,367","77,425","77,249","94,088","153,698","79,104","94,749","80,926","80,096","67,992","66,255"
Djibouti,"2,705","1,669","2,007","2,034","2,243","3,078","2,245","1,568","5,354","12,426","1,679","1,614","43,219","10,118","25,070","25,378","16,365","24,565","97,092","102,402","68,563","84,249","69,676","102,171","39,734","65,092"
Oman,"7,581","10,948","11,029","9,687","11,990","14,008","13,560","11,521","17,724","18,141","12,533","16,529","16,732","13,495","20,439","12,630","13,318","25,313","76,778","35,889","44,283","87,802","68,715","56,782","60,316","63,544"
Sudan(*),"13,332","52,896","13,516","30,294","38,216","10,474","15,869","11,041","6,495","8,399","17,329","16,273","9,551","25,164","61,708","96,908","71,621","73,643","134,982","66,547","95,612","62,976","49,502","55,969","84,734","63,482"
Bahrain,"7,295","15,965","13,545","22,761","21,286","22,334","18,423","9,198","22,252","26,799","12,459","29,833","28,610","16,708","18,811","14,799","15,775","18,352","56,475","31,695","43,778","52,827","62,898","77,671","74,027","60,365"
Cayman Islands,"15,876","11,226","9,748","10,832","15,838","14,209","19,724","35,042","43,006","36,059","37,358","31,687","28,522","29,488","30,507","36,227","46,799","56,745","61,511","50,561","52,608","49,838","54,431","61,625","65,493","59,970"
French Pacific Islands(*),"23,713","24,176","26,681","26,623","26,019","27,853","35,910","37,728","36,768","32,128","33,969","32,458","30,931","30,402","37,170","41,309","38,539","47,071","58,651","61,330","59,144","65,394","67,247","69,596","64,477","56,958"
Lithuania,0,0,"25,333","18,688","19,144","12,314","14,604","14,468","1,453","2,252","2,284","12,536","4,889","10,459","58,820","80,814","98,550","123,945","135,862","100,638","115,402","104,687","129,276","112,730","88,534","56,580"
Kazakhstan,0,0,"9,542","1,554","2,875",819,"1,296",273,"11,506","2,395",556,"6,698","7,768","13,935","11,904","26,662","36,120","22,979","30,469","16,215","25,330","48,533","124,444","79,640","57,191","54,291"
Belize,"16,688","17,849","19,583","17,393","17,987","14,960","15,389","15,606","17,161","16,220","20,544","21,206","19,480","23,460","22,435","23,600","25,128","31,352","36,227","37,804","37,888","44,862","44,766","47,373","45,816","51,632"
Suriname,"18,795","11,882","17,237","12,756","14,208","21,863","25,966","24,407","23,150","16,274","16,424","18,748","17,565","20,349","15,683","20,047","20,127","26,770","28,711","35,184","42,720","50,844","57,857","54,013","54,161","49,514"
Papua New Guinea,580,856,957,"1,720","1,517","7,242","3,576","5,529","3,555","2,234","1,209","1,175","2,382","1,288","2,581","17,047",525,"1,449","27,826","91,466","79,708","3,789","4,364","9,369","12,441","46,188"
Croatia,0,0,"16,994","16,211","49,077","32,397","19,231","27,628","19,368","2,714",713,"4,702","6,588","2,390","3,991","6,918","4,527","5,040","11,754","9,303","13,572","18,700","20,722","19,888","18,431","43,547"
Cambodia,0,0,0,432,541,"4,214","1,663","2,211",840,"1,976","5,230","9,287","4,135","4,762","8,651","5,281","3,262","7,164","6,102","6,345","10,939","12,550","19,707","25,654","26,689","41,034"
Ukraine,0,0,"165,663","137,404","63,249","37,899","44,366","29,519","16,332","23,418","6,487","18,441","13,528","16,605","121,487","101,467","108,432","210,959","282,826","146,093","138,956","90,244","135,040","201,808","88,993","39,635"
Burma,"5,829",582,592,91,"1,415",978,"1,744",618,339,960,553,"1,793","1,759","1,116","1,008",506,"1,076","2,027","2,731",451,"1,894","15,618","8,108","12,436","16,495","38,760"
Hungary,"34,515","13,473","11,677","10,552","11,346","13,394","9,483","25,107","18,250","19,587","17,454","23,229","26,749","29,114","25,181","22,417","26,157","28,946","26,888","28,084","22,968","19,445","24,071","38,599","49,637","37,137"
Congo (Brazzaville),"2,972","2,195","6,619",465,"6,247","6,048","6,853","5,219","7,816","9,429","16,254","14,312","4,251","13,205","8,246","10,404","6,711","20,384","25,785","22,106","43,280","54,304","59,329","50,414","51,272","36,437"
Paraguay,"6,513","10,663","13,081","17,630","23,701","28,069","33,199","31,234","9,538","9,684","9,055","4,723","2,979","1,613","3,057","2,661","3,685","8,057","18,368","13,397","26,869","39,640","51,891","43,000","39,839","34,940"
Benin,"11,071","9,135","12,647","6,467","7,576","9,882","1,847","5,143","6,473","2,391","3,893","4,445","5,169","3,961","5,847","4,449","5,500","3,416","6,482","15,256","8,816","6,421","16,773","28,339","41,950","33,409"
Bolivia,"22,172","35,252","41,061","29,559","31,596","27,865","40,287","30,724","28,839","19,836","13,457","15,384","19,380","30,844","23,318","17,793","22,033","28,690","24,211","10,981","20,053","27,911","28,576","39,066","44,621","33,328"
Afghanistan,0,18,25,"6,768",128,160,"8,416","2,390",297,"4,621","5,254","4,191",297,"14,401","21,829","39,654","38,950","57,116","75,222","52,619","81,279","63,088","45,075","27,204","31,359","32,760"
Tanzania,"2,084","2,558","2,452","4,213","16,854","12,993","4,730","13,261","7,728","16,544","3,760","9,897","11,656","12,520","9,384","7,281","17,709","24,129","31,388","31,590","23,349","66,340","13,551","39,441","42,550","31,773"
Gabon,"1,132","1,242",919,"1,364",934,696,389,580,"1,237","2,116","2,909","3,626","4,383","3,489","8,558","4,930","5,787","10,401","8,508","17,298","17,999","30,304","28,770","33,250","38,583","31,291"
Turks and Caicos Islands,"4,070","3,384","3,560","2,873","3,008","3,651","4,456","5,341","5,646","7,490","6,566","4,779","3,971","6,362","7,206","10,226","13,741","17,230","22,758","17,942","16,465","18,623","20,036","21,604","25,213","26,499"
Congo (Kinshasa),"29,531","15,417","7,830","9,981","10,484","30,965","24,269","13,653","9,819","3,259","1,713","6,430","6,585","10,215","30,806","27,695","28,300","57,082","40,125","24,646","33,173","47,376","79,598","39,648","55,163","25,971"
Cameroon,"17,362","13,316","22,072","21,557","11,138","3,956","3,272","12,317","6,360","6,278","4,961","1,440","4,065","10,304","7,611","6,141","5,063","3,960","9,534","21,573","25,948","18,160","15,884","30,594","22,275","24,997"
Czech Republic,0,0,0,"15,688","15,400","18,505","13,002","15,821","9,487","7,684","7,802","9,922","12,912","15,523","28,319","41,505","31,902","45,196","31,489","28,984","29,312","29,514","26,954","26,087","29,447","24,273"
Liberia,"18,104","37,088","14,530","32,305","36,086","29,990","36,895","17,734","13,050","16,076","12,593","8,961","9,311","12,028","14,480","18,257","19,456","17,702","18,251","16,898","25,453","50,469","51,639","24,393","16,997","24,134"
Austria,"31,511","36,577","37,214","32,235","42,087","24,300","28,575","26,849","22,288","14,635","17,326","15,890","13,328","18,408","32,017","35,139","42,294","82,168","99,704","38,156","24,738","31,343","43,298","50,011","29,032","23,971"
Iceland,"9,580","9,730","11,528","11,457","11,343","15,368","18,370","15,951","19,226","30,166","18,867","19,921","14,096","15,117","13,505","17,472","17,963","19,410","21,891","16,210","16,519","17,883","18,099","22,205","21,825","22,862"
Sierra Leone,"7,395","7,074","14,023","8,135","9,649","9,898","15,123","9,307","15,586","4,758","5,584","13,921","13,196","9,047","13,024","11,460","10,499","14,217","12,190","6,695","15,563","25,089","29,896","17,404","18,925","22,740"
Latvia,0,0,"25,986","11,809","5,247","9,678","91,545","118,565","110,439","145,782","76,787","42,114","30,840","33,822","18,042","24,321","24,707","46,461","75,545","72,499","74,895","91,472","87,817","50,885","68,158","21,708"
Micronesia,"9,951","13,057","13,249","11,641","10,704","10,094","11,535","12,586","14,472","9,340","10,503","10,436","10,703","10,647","9,882","8,745","9,044","10,213","14,065","17,375","18,107","18,073","16,294","17,579","20,066","20,862"
Mauritania,"4,236","3,832","2,593","4,113","1,242","1,337",682,"2,520","1,755",850,"1,886","2,216","1,418","5,547","4,906","11,129","1,696","4,909","8,335","2,742","7,786","9,377","13,727","26,809","19,254","20,807"
"Other Pacific Islands, NEC(*)","4,943","4,869","4,430","4,574","5,897","5,930","7,629","7,073","8,666","5,425","5,823","5,261","3,346","4,614","4,837","7,874","7,571","9,317","17,593","11,737","16,471","19,656","20,226","23,053","23,042","19,956"
"Gambia, The","1,589","2,084","2,245","2,422",932,"2,224","1,646","2,302","1,876","2,081","2,913","2,827","3,287","4,792","5,022","3,109","3,907","5,312","7,185","10,171","12,990","15,553","15,366","18,900","20,307","18,713"
Serbia,0,0,0,0,0,0,0,0,0,0,0,0,0,0,0,0,0,0,0,"13,361","7,815","7,447","9,677","14,355","13,364","18,399"
Estonia,0,0,"32,558","29,867","8,983","73,796","27,038","26,219","57,651","133,125","45,743","14,793","8,057","16,491","14,108","11,321","9,704","16,521","23,994","18,832","10,799","8,579","8,190","13,820","19,100","17,723"
Bulgaria,"8,052","34,724","5,622","26,225","5,536","9,854","30,163","5,785","10,417","9,328","6,879","14,969","13,399","13,546","10,751","19,433","16,506","21,558","54,518","14,879","11,749","23,104","24,689","29,236","35,066","16,641"
Togo,"8,331","8,226","7,735","6,421","2,627","4,618","4,655","3,044",306,"2,993",380,753,"2,979",300,"2,886","5,758","3,233","5,821","4,834","12,344","12,076","12,901","6,557","7,578","20,165","15,595"
Samoa,"1,650","2,403","2,664","3,637","3,905","3,264","4,960","4,008","3,933","3,905","4,344","4,334","3,439","4,030","5,284","7,226","6,644","8,940","8,253","9,470","12,314","15,162","15,060","14,700","13,709","13,959"
Somalia,"4,487","3,850","19,629","26,582","15,609","5,903","2,871",599,"1,739","1,936","1,776","3,193","1,609","4,001","6,770","5,253","14,527","17,707","60,596","2,592",0,"4,251","9,729","5,855","9,019","13,921"
Marshall Islands,"10,603","10,737","13,367","13,105","12,261","9,637","7,881","8,040","10,007","5,592","7,840","7,672","8,182","7,028","5,927","6,761","6,137","7,105","7,819","8,502","8,233","9,128","11,625","12,120","14,095","13,205"
Senegal,"16,625","24,453","20,827","38,314","12,319","12,207","6,836","7,274","15,586","3,825","6,031","6,345","6,677","9,574","12,470","9,084","9,823","25,009","35,604","7,690","26,709","13,502","3,715","19,256","21,829","11,874"
Palau,"2,997","4,350","4,098","4,312","3,483","2,872","4,656","7,098","6,674","6,661","9,029","7,604","6,132","6,418","5,639","6,043","5,892","7,411","8,129","8,257","7,768","8,933","8,866","8,922","10,605","11,698"
Equatorial Guinea,0,"2,256","2,391",0,17,0,0,84,486,589,297,"1,171",973,"1,060",534,620,"2,054","3,071","1,549","2,431","3,848","9,442","9,249","13,072","12,852","10,805"
Mozambique,"30,627","21,879","69,547","44,341","19,421","28,350","9,934","26,365","28,766","18,333","30,427","14,996","60,957","38,838","50,102","15,215","19,443","28,034","50,221","42,454","44,593","72,517","50,652","34,229","19,295","9,893"
Albania,"1,214","9,122","25,187","28,828","13,782","6,643","7,890","1,508","9,991","7,340","8,260","8,421","9,119","2,053","4,513","4,906","1,489","2,660","11,642","13,799","19,351","21,688","29,782","28,447","17,151","9,041"
Namibia,167,145,"2,340","11,030",705,"4,631","4,883",920,74,67,"2,389","4,618","5,535","5,443","11,122","5,452","8,485","6,741","6,589","1,574","2,600","17,663","10,220","8,938","2,843","8,937"
Guinea,"4,687","11,446","13,297","14,732","12,892","15,356","12,020","10,276","5,209","7,851","6,700","7,498","9,112","6,777","15,288","11,327","8,479","13,038","9,731","10,239","7,382","10,370","5,864","7,562","8,211","8,046"
Cyprus,"38,868","30,734","42,210","43,416","31,089","43,605","37,341","37,166","10,815","20,533","18,471","21,060","22,239","17,986","18,718","6,368","8,963","10,537","13,501","8,911","9,227","11,155","7,418","8,641","9,203","7,972"
Cote d'Ivoire,"32,823","26,371","25,842","25,387","23,126","36,679","20,252","18,645","6,403","16,961","12,156","12,030","12,578","22,608","29,422","13,097","17,361","8,755","15,117","18,681","7,753","11,689","19,746","17,494","21,046","7,782"
Azerbaijan,0,0,0,47,"14,257","12,091","5,510","5,817","9,106","12,289","2,962","1,832","9,149","22,584","40,873","19,945","2,183","6,929","16,199","7,360","11,759","18,419","37,860","25,777","23,730","7,245"
Turkmenistan,0,0,16,"15,295","22,471","10,579","12,377",0,278,"2,813","3,134","1,559","2,029","1,729",955,5,634,155,"4,343","5,131","1,556",534,"8,023","23,784","19,426","6,724"
Burkina Faso,"4,073","16,422","5,621","8,860","2,279","6,291","3,187","7,274","8,717","5,775","5,262","1,286","7,212","2,927","5,385","8,041","9,253","10,616","7,166","5,378","4,666","4,501","12,701","8,970","9,365","6,706"
Bosnia and Herzegovina,0,0,"1,429","18,142","36,036","21,960","30,494","31,118","22,722","7,361","12,233","19,416","10,558",332,"7,471","1,150",453,848,"2,056","1,215","2,051","3,715","3,704","4,282","2,255","6,402"
French West Indies(*),"10,242","10,968","10,678","9,590","9,239","9,894","8,187","7,793","6,590","8,094","6,242","5,644","3,349","3,822","2,818","3,625","8,187","6,261","8,671","9,175","8,718","9,826","6,353","7,065","6,919","5,965"
Mali,"1,956","8,971","1,606",348,489,154,91,"2,667","1,777",956,283,"1,601","1,511","1,532","2,885",719,"11,244","6,302","2,039","8,412","7,420","2,506","10,664","8,738","2,619","5,914"
Mongolia,0,"3,621",61,"14,172","3,001",63,392,"2,152","5,068","1,824","5,400",240,158,161,"12,203","4,258","1,244","6,730","2,731","7,426","6,619","8,911","13,327","14,230","12,894","5,815"
Kosovo,0,0,0,0,0,0,0,0,0,0,0,0,0,0,0,0,0,0,0,"2,272","3,690","6,873","9,177","7,858","7,413","5,686"
Macau,84,696,979,865,579,"1,002",468,"1,319","1,539","1,576","1,296",991,"1,119","2,100","2,044","1,427","8,315","6,919","7,253","6,007","14,407","16,840","7,407","5,196","4,951","5,266"
Tajikistan,0,0,"8,165","9,738","10,749","13,528","11,678","15,530","9,793","10,186","9,522","19,760","10,156","16,294","11,570","8,547","6,331","9,706","5,525","5,318","11,784","7,921","4,390","7,896","6,528","5,011"
Niger,"3,225","4,052","2,570","2,154",608,"1,770",650,"1,940","1,954",432,"2,320","4,889","8,706","4,761","2,718","8,831","12,380","13,047","4,576","13,362","23,045","18,939","14,270","5,173","7,530","4,882"
Brunei,181,213,"1,543","1,960","3,907","1,156","1,138","2,053",890,"1,018","1,610","1,878","3,605","1,610","1,274","2,846","1,889","2,144","3,230","3,859","4,011","4,971","5,347","5,678","5,440","4,809"
Swaziland,347,372,470,"1,039","1,655","2,083",208,978,"1,717",818,686,"1,232",994,"2,559","3,184","3,710","3,810","3,848","2,906","2,891","5,091","2,191","6,438","6,629","8,850","4,595"
Madagascar,"4,047","7,549","2,382","3,664","2,233","2,860","1,675","4,664","5,595","1,565","4,839","4,741","7,513","7,132","11,070","10,157","11,658","11,909","9,674","3,492","13,937","12,282","11,116","4,392",285,"4,185"
Armenia,0,0,"19,812","48,624","50,280","41,778","41,803","21,764","22,852","10,936","8,208","7,367","7,591","7,552","3,556","3,371","2,091","8,579","10,777","4,955","7,484","11,898","10,163","16,322","12,917","4,146"
Zimbabwe,"3,409",691,"87,751","26,377","3,565","9,359",832,"1,073","4,213","8,921","3,987",359,"16,659","11,447","19,669","16,549","18,971","66,460","40,056","37,270","8,087","12,470","4,988",789,"4,687","4,079"
Malta,"6,055","11,422","10,897","4,083","6,176","10,196","20,006","8,137","6,855","11,269","10,425","9,376","12,472","9,793","3,553","6,148","7,152","7,940","5,282","4,661","2,485","3,799","2,818","4,247","5,278","4,032"
Slovenia,0,0,"7,131","23,892","11,069","13,003","17,117","28,055","19,278","10,193","6,335","2,938","6,309","6,931","8,674","9,471","6,114","11,516","6,179","2,334","10,563","3,455","2,696","2,993","3,124","3,819"
Malawi,"5,996","8,290","1,962","16,084","3,595","7,583",325,22,30,124,"2,020",578,"12,426","4,381","10,830","7,710","13,595","17,810","13,120","13,821","10,129","18,543","13,608","8,465",719,"3,667"
Burundi,0,8,0,161,"15,376",483,0,0,"3,181",400,86,"2,650",20,"1,627","9,231","3,771","3,889","4,245","5,008","5,804","4,441","10,367","6,289","3,339",988,"3,586"
Slovakia,0,0,0,297,791,"1,572","1,136","1,780","1,519","1,686","1,129","1,182",976,"1,022","2,116","2,792","3,794","3,154","21,538","3,205","4,768","4,388","5,083","4,640","4,125","3,507"
Uganda,"10,711","4,196","5,149","8,599","6,713","5,289","3,741","16,664","11,407","6,904","6,224","8,996","5,133","11,172","31,929","28,652","16,380","31,037","17,916","13,311","9,571","14,705","10,228","1,526","4,046","3,341"
"Uzbekistan, Republic of",0,0,"48,620","55,407","62,316",132,"81,436",424,400,"6,471",799,"26,565","42,552","21,359","10,279",852,297,462,"1,837","1,779",669,"1,542","1,029","5,410","3,480","3,289"
"Africa, not elsewhere specified(*)","5,530","3,464","2,414","3,649","2,441","5,503","5,207","7,344","6,096","3,593","1,870","1,364","2,924","3,628","2,086","5,031","4,105","2,934","1,353",733,"5,829","14,252","6,087","8,656","3,808","3,115"
Chad,"1,050","5,362",392,"1,228",930,823,"1,980","1,956",0,"1,188","2,614","2,589","1,757","1,355","4,830","6,781","11,061","8,285","10,085","3,494","9,902","18,053","11,833","2,235","7,117","2,935"
Kyrgyzstan,0,0,0,"15,580","3,142","14,048","16,744","11,471","9,431","8,143","9,877","4,070","4,606",731,"2,871",461,468,"2,821","4,624","14,298","18,268","10,387","23,445","17,701","5,786","2,610"
Mauritius,805,519,361,893,465,434,494,435,691,390,990,253,501,437,"1,256","1,027",892,"10,489","12,509","1,162","1,314","4,411","2,277","3,122","2,141","2,590"
Macedonia,0,0,184,"3,249","3,434","6,231","2,634","7,864","2,857","10,471","23,254","8,125","7,216","7,060","7,289","5,761","3,454","7,390","5,281","4,941","7,432",158,"1,374","1,206","2,361","2,588"
Moldova,0,0,"8,145","28,194","19,749","5,009","12,497","3,757","6,046","3,139","1,997","19,722","14,693","14,734","29,831","24,095","12,747","32,848","38,881","11,987","20,671","13,543","20,290","15,975","7,403","2,104"
Belarus,0,0,"20,925","69,535","21,489","15,046","10,842","1,403",315,110,201,48,479,294,557,129,550,"2,685","2,258","17,912","1,994","1,120","2,524","1,690","4,587","1,625"
Syria,"33,765","38,438","28,479","23,051","21,939","69,108","49,474","62,375","47,467","55,217","85,560","84,568","110,277","77,692","135,448","142,784","210,693","348,125","392,795","290,128","483,758","213,175","15,253","16,472","2,306","1,499"
French Guiana,"1,090","1,032","1,171",916,"1,089",983,855,"1,266","1,189",914,594,442,554,450,578,732,814,579,"1,159","1,252","1,044","1,243","1,240","1,802","1,395","1,400"
French Ind. Ocean Territory(*),71,139,153,106,605,99,137,68,932,35,48,447,450,182,389,258,608,109,305,388,533,30,183,331,"1,542","1,303"
Mayotte,0,0,0,0,0,0,0,0,0,0,0,0,0,0,0,0,0,235,0,150,"2,642",384,"7,614","1,966","1,393","1,268"
Laos,0,0,0,11,96,0,65,14,0,0,128,333,"1,417",878,520,367,128,605,898,489,971,"2,460","1,126","1,779","2,256","1,136"
Nepal,"3,135","1,097",488,"1,171",298,359,833,159,702,938,727,"1,713","2,872",684,"2,630","1,669","4,932","4,397","3,069","3,231","3,705","10,068","4,254","1,620","2,673","1,034"
British Pacific Islands(*),"2,882","1,165","1,978",333,189,368,234,569,678,192,982,"2,017","2,584","1,139","1,372","2,203",300,338,748,808,878,"2,249","2,228","2,288","1,725",897
Timor-Leste,0,0,0,0,0,0,0,0,0,0,0,0,0,0,455,739,818,"1,594",491,74,0,"6,490",24,171,23,868
Seychelles,71,148,140,91,147,178,706,649,90,258,179,207,219,293,"6,735",568,384,762,627,27,44,447,476,941,986,839
Zambia,"2,684",332,"43,927","11,175","1,954","2,814",428,260,"1,214",500,485,768,"14,104","1,649","3,932","5,839","11,450","4,442","4,350",978,634,"1,678","2,363","1,010",649,804
Southern Asia NEC(*),410,149,728,61,11,89,30,91,93,151,196,385,369,249,665,537,"1,065","1,486","1,222","1,593","1,979","2,262","2,730","1,815","1,716",709
Montenegro,0,0,0,0,0,0,0,0,0,0,0,0,0,0,0,0,0,737,"5,819","5,522","1,982","2,357","2,522","3,175","3,798",702
Central African Republic,496,308,278,703,29,0,6,652,97,260,0,27,"1,875","2,110","3,644",268,"2,575","6,986","2,710","3,678",354,"1,800","1,247",260,767,701
"Korea, North",30,0,0,0,0,"10,820",36,"1,558","4,044","7,039","2,319",0,"23,893","6,406","23,560","5,657",0,"1,728","51,883",46,"1,773",359,521,286,"2,059",682
Comoros,27,0,472,0,0,555,0,0,18,41,0,17,0,0,18,36,0,0,36,50,274,576,629,993,629,348
Gibraltar,188,289,132,148,98,210,126,363,124,512,42,22,14,19,17,11,25,121,8,141,17,0,8,64,379,211
Botswana,372,18,"1,932",539,916,"3,835","1,420","3,092",674,"1,345","1,301","1,022",20,8,69,13,81,176,66,288,305,114,550,537,463,72
British Indian Ocean Territory,0,0,100,47,17,0,115,123,79,101,85,38,0,63,104,48,93,48,35,0,0,15,6,32,9,67
Saint Helena,0,0,0,0,0,4,4,0,0,22,94,55,81,18,197,561,105,155,213,13,23,17,28,81,104,65
Eritrea,0,0,0,264,"5,919","3,310","7,622","3,859","14,469",0,"12,091","14,447","23,010","37,663","43,625","24,683","4,996",0,"5,672","3,940",0,0,0,0,0,50
Lesotho,"1,380","1,662","1,781","5,880","2,709","1,496","1,939","1,119","1,233",59,492,30,614,"2,631","3,818","3,557","2,246","5,238",18,185,3,"6,775","13,615",53,0,31
Greenland,0,0,0,22,35,5,123,19,111,13,0,0,"1,884",29,587,"1,337",29,31,70,5,0,0,22,0,56,26
Western Sahara,0,0,0,8,0,0,0,0,22,0,0,0,0,0,0,0,0,0,0,0,48,0,0,0,0,22
Rwanda,42,0,4,"7,740","30,468","32,188","33,443","26,672","10,014","17,796","10,186","8,407","7,681","5,657","7,207","5,464","7,812","8,203","6,534","2,543",790,"4,122",634,140,50,20
Falkland Islands (Islas Malvinas),90,0,0,0,0,0,0,0,0,0,0,35,0,5,0,3,0,27,53,163,92,9,187,46,16,6
Czechoslovakia,"22,616","18,994","19,624",0,0,0,0,0,0,0,0,0,0,0,0,0,0,0,0,0,0,0,0,0,0,0
Serbia and Kosovo,0,0,0,0,0,0,0,0,0,0,0,0,0,0,0,0,0,"8,468","15,937",0,0,0,0,0,0,0
Saint Pierre and Miquelon,0,0,0,22,0,0,0,775,293,16,43,0,337,15,0,89,4,34,12,49,0,0,0,0,0,0
Union of Soviet Socialist Republics,"2,247,947","2,452,267","748,126",0,0,0,0,0,0,0,0,0,0,0,0,0,0,0,0,0,0,0,0,0,0,0
Unidentified Countries,"221,613","166,113","298,617","277,040","247,893","564,821","627,178","340,889","323,480","371,370","306,048","262,066","186,969","185,711","223,997","216,263","124,385","441,209","182,997","233,739","375,898","225,388","175,000","179,871",102,0
Yugoslavia,"161,329","43,492","25,761",0,0,0,0,0,0,0,0,0,0,0,0,0,0,0,0,0,0,0,0,0,0,0
"Serbia, Montenegro, and Kosovo",0,0,"2,500",367,35,12,"13,132",845,"10,492","12,649","14,808","25,252","8,868","1,685","4,356","5,083","9,139",0,0,0,0,0,0,0,0,0
Grand Total,"39,494,522","39,386,035","43,246,616","42,972,089","46,171,561","56,205,844","60,417,981","57,148,576","51,811,561","48,389,345","51,265,451","53,678,896","53,144,222","59,392,688","61,418,080","63,182,347","70,950,379","89,991,788","114,761,407","98,453,933","115,820,102","136,444,449","141,550,211","144,359,309","150,014,539","133,006,625"